{"RuleTriggered": 0, "Violations": 0, "Details": {"pin_memory": false, "num_workers": 0, "cores": 8, "dataloaders": 1, "dataloading_time": {"p25": 0.80984175, "p50": 0.8950425, "p95": 1.1235080499999999, "probs": [1, 0, 0, 0, 0, 0, 0, 0, 0, 0, 0, 0, 0, 0, 0, 0, 0, 0, 0, 0, 1, 0, 0, 1, 0, 0, 0, 0, 0, 0, 0, 0, 0, 0, 0, 0, 0, 0, 0, 0, 0, 0, 0, 1, 0, 2, 0, 0, 0, 0, 0, 0, 0, 0, 0, 0, 0, 0, 0, 0, 0, 0, 0, 0, 0, 0, 1, 0, 0, 0, 0, 0, 0, 0, 0, 0, 0, 2, 0, 0, 0, 0, 0, 0, 0, 0, 0, 0, 0, 0, 0, 0, 0, 0, 0, 0, 0, 0, 0, 1], "binedges": [0.663464, 0.66859027, 0.67371654, 0.67884281, 0.68396908, 0.6890953500000001, 0.6942216200000001, 0.6993478900000001, 0.7044741600000001, 0.7096004300000001, 0.7147267, 0.71985297, 0.72497924, 0.73010551, 0.73523178, 0.74035805, 0.7454843200000001, 0.7506105900000001, 0.7557368600000001, 0.76086313, 0.7659894, 0.77111567, 0.77624194, 0.78136821, 0.78649448, 0.7916207500000001, 0.7967470200000001, 0.8018732900000001, 0.8069995600000001, 0.81212583, 0.8172521, 0.82237837, 0.82750464, 0.83263091, 0.8377571800000001, 0.84288345, 0.8480097200000001, 0.8531359900000001, 0.85826226, 0.86338853, 0.8685148, 0.87364107, 0.87876734, 0.88389361, 0.88901988, 0.8941461500000001, 0.8992724200000001, 0.9043986900000001, 0.90952496, 0.91465123, 0.9197775, 0.92490377, 0.9300300400000001, 0.93515631, 0.9402825800000001, 0.94540885, 0.9505351200000001, 0.95566139, 0.96078766, 0.96591393, 0.9710402, 0.97616647, 0.98129274, 0.9864190100000001, 0.99154528, 0.9966715500000001, 1.00179782, 1.00692409, 1.01205036, 1.01717663, 1.0223029000000001, 1.02742917, 1.03255544, 1.03768171, 1.04280798, 1.04793425, 1.05306052, 1.0581867900000002, 1.06331306, 1.06843933, 1.0735656, 1.07869187, 1.08381814, 1.08894441, 1.09407068, 1.09919695, 1.10432322, 1.10944949, 1.1145757600000001, 1.11970203, 1.1248283, 1.12995457, 1.13508084, 1.14020711, 1.14533338, 1.15045965, 1.15558592, 1.16071219, 1.16583846, 1.1709647300000001, 1.176091]}}, "Datapoints": 10, "RuleParameters": "min_threshold:70\nmax_threshold:200"}