{"RuleTriggered": 0, "Violations": 0, "Details": {"ratio": {"cpu_functions": 100.0}, "phase": {"Step:ModeKeys.TRAIN": 73.48475486963538, "others": 17.844904189767043, "Step:ModeKeys.EVAL": 8.670340940597576}, "phase_time": {}, "CPU": {"aten::conv2d": 17.132477337375356, "aten::convolution": 17.130133726612957, "aten::_convolution": 17.12798668658421, "aten::mkldnn_convolution": 17.12113871079344, "aten::batch_norm": 4.5147025156421545, "aten::_batch_norm_impl_index": 4.510230150500649, "aten::native_batch_norm": 4.506000070216896, "aten::max_pool2d": 2.2000653651022524, "aten::max_pool2d_with_indices": 2.153869718891051, "enumerate(DataLoader)#_SingleProcessDataLoaderIter.__next__": 13.603395718281043}, "CPU_total": {"aten::conv2d": 11243228, "aten::convolution": 11241690, "aten::_convolution": 11240281, "aten::mkldnn_convolution": 11235787, "aten::batch_norm": 2962784, "aten::_batch_norm_impl_index": 2959849, "aten::native_batch_norm": 2957073, "aten::max_pool2d": 1443798, "aten::max_pool2d_with_indices": 1413482, "enumerate(DataLoader)#_SingleProcessDataLoaderIter.__next__": 8927260}, "general": {"DataLoaderIterInitialize": 0.0002953523074399019, "DataLoaderIter": 0.45966664114563394, "Forward": 99.54003800654692}}, "Datapoints": 0, "RuleParameters": ""}