{"RuleTriggered": 33, "Violations": 406, "Details": {"step_details": {"algo-1-27": {"step_stats": {"mean": 1.5797082556390978, "max": 2.896951, "p99": 1.90431788, "p95": 1.8484692, "p50": 1.696984, "min": 0.057974}, "number_of_outliers": 1, "phase": "Step:ModeKeys.EVAL", "stddev": 0.44, "probs": [9, 0, 0, 0, 0, 0, 0, 0, 0, 0, 0, 0, 0, 0, 0, 0, 0, 0, 0, 0, 0, 0, 0, 0, 0, 0, 0, 0, 0, 0, 0, 0, 0, 0, 0, 0, 0, 0, 0, 0, 0, 0, 0, 0, 0, 0, 0, 0, 0, 0, 0, 0, 0, 0, 0, 0, 0, 0, 0, 0, 0, 0, 0, 0, 0, 0, 0, 0, 0, 0, 1, 0, 0, 3, 1, 3, 4, 6, 1, 2, 3, 2, 5, 4, 7, 4, 7, 3, 5, 8, 8, 8, 8, 6, 4, 6, 11, 1, 0, 2], "binedges": [0.057974, 0.07647221, 0.09497042, 0.11346863, 0.13196684, 0.15046505, 0.16896326, 0.18746147, 0.20595968, 0.22445789000000002, 0.2429561, 0.26145430999999997, 0.27995252000000004, 0.29845073, 0.31694893999999996, 0.33544715, 0.35394536, 0.37244357000000006, 0.39094178, 0.40943999, 0.42793820000000005, 0.44643641, 0.46493461999999997, 0.48343283000000004, 0.50193104, 0.5204292500000001, 0.53892746, 0.55742567, 0.5759238799999999, 0.59442209, 0.6129203, 0.63141851, 0.64991672, 0.66841493, 0.68691314, 0.70541135, 0.7239095600000001, 0.74240777, 0.76090598, 0.77940419, 0.7979024, 0.81640061, 0.83489882, 0.85339703, 0.87189524, 0.89039345, 0.90889166, 0.9273898700000001, 0.94588808, 0.96438629, 0.9828845, 1.0013827100000001, 1.01988092, 1.03837913, 1.05687734, 1.07537555, 1.09387376, 1.11237197, 1.13087018, 1.14936839, 1.1678666, 1.18636481, 1.2048630200000001, 1.22336123, 1.24185944, 1.26035765, 1.27885586, 1.2973540700000001, 1.31585228, 1.33435049, 1.3528487, 1.37134691, 1.3898451200000002, 1.4083433300000001, 1.42684154, 1.44533975, 1.46383796, 1.48233617, 1.5008343800000001, 1.51933259, 1.5378308, 1.55632901, 1.57482722, 1.5933254300000002, 1.6118236400000001, 1.63032185, 1.64882006, 1.66731827, 1.68581648, 1.7043146900000001, 1.7228129, 1.74131111, 1.75980932, 1.77830753, 1.7968057400000002, 1.81530395, 1.83380216, 1.85230037, 1.87079858, 1.8892967900000002, 1.907795], "step_numbers": ["0"]}}, "ratio": {}, "phase": {"Step:ModeKeys.TRAIN": 100.0}, "phase_time": {}, "general": {"Forward": 100.0}}, "Datapoints": 1211, "RuleParameters": "threshold:3\nmode:None\nn_outliers:10\nstddev:3"}